Date,Site,MC,CYN,STX,ANT
7/29/2013,PachecoPumpingPlant,4.2,nr,nr,nr
8/5/2013,PachecoPumpingPlant,6.5,nr,nr,nr
8/19/2013,PachecoPumpingPlant,2.6,nr,nr,nr
9/3/2013,PachecoPumpingPlant,0.8,nr,nr,nr
9/16/2013,PachecoPumpingPlant,3.1,nr,nr,nr
10/1/2013,PachecoPumpingPlant,0.9,nr,nr,nr
10/14/2013,PachecoPumpingPlant,1.1,nr,nr,nr
10/28/2013,PachecoPumpingPlant,1.3,nr,nr,nr
8/4/2014,PachecoPumpingPlant,0.75,nr,nr,nr
8/18/2014,PachecoPumpingPlant,0.46,nr,nr,nr
9/8/2014,PachecoPumpingPlant,1.14,nr,nr,nr
9/15/2014,PachecoPumpingPlant,1.11,nr,nr,nr
9/29/2014,PachecoPumpingPlant,1.09,nr,nr,nr
10/13/2014,PachecoPumpingPlant,0.61,nr,nr,nr
10/28/2014,PachecoPumpingPlant,0.95,nr,nr,nr
9/28/2015,PachecoPumpingPlant,1.63,nr,nr,nr
10/14/2015,PachecoPumpingPlant,1.65,nr,nr,nr
10/26/2015,PachecoPumpingPlant,1.84,nr,nr,nr
11/9/2015,PachecoPumpingPlant,0.41,nr,nr,nr
12/7/2015,PachecoPumpingPlant,0.22,nr,nr,nr
7/25/2016,PachecoPumpingPlant,2.8,nr,nr,nr
8/8/2016,PachecoPumpingPlant,3.04,nr,nr,nr
8/8/2016,SLRBasaltBoatLaunch,3.08,nr,nr,nr
8/22/2016,SLRBasaltBoatLaunch,2.18,nr,nr,nr
8/22/2016,PachecoPumpingPlant,2.85,nr,nr,nr
9/12/2016,PachecoPumpingPlant,1.53,nr,nr,nr
9/19/2016,SLRBasaltBoatLaunch,6.83,nr,nr,nr
10/24/2016,PachecoPumpingPlant,0.54,nr,nr,nr
10/24/2016,SLRBasaltBoatLaunch,3.75,nr,nr,nr
11/7/2016,PachecoPumpingPlant,0.45,nr,nr,nr
11/7/2016,SLRBasaltBoatLaunch,3.08,nr,nr,nr
11/14/2016,PachecoPumpingPlant,0.4,nr,nr,nr
11/14/2016,SLRBasaltBoatLaunch,7.68,nr,nr,nr
11/28/2016,PachecoPumpingPlant,0.19,nr,nr,nr
11/28/2016,SLRBasaltBoatLaunch,0.38,nr,nr,nr
4/25/2017,ONeillForeBayGianelliPP,npt,npt,npt,npt
4/25/2017,ONeillForeBayOutletCk13,npt,npt,npt,npt
4/25/2017,PachecoPumpingPlant,npt,npt,npt,npt
4/25/2017,ONeillForeBayBoatLaunch,,,,
4/25/2017,SLRBasaltBoatLaunch,,,,
5/23/2017,SLRBasaltBoatLaunch,1.09,ND,ND,ND
5/23/2017,ONeillForeBayBoatLaunch,npt,npt,npt,npt
5/23/2017,ONeillForeBayGianelliPP,npt,npt,npt,npt
5/23/2017,ONeillForeBayOutletCk13,npt,npt,npt,npt
5/23/2017,PachecoPumpingPlant,npt,npt,npt,npt
5/30/2017,SLRBasaltBoatLaunch,0.46,nr,nr,nr
5/30/2017,PachecoPumpingPlant,npt,npt,npt,npt
5/30/2017,ONeillForeBayBoatLaunch,nr,nr,nr,nr
5/30/2017,ONeillForeBayGianelliPP,,,,
5/30/2017,ONeillForeBayOutletCk13,,,,
6/5/2017,SLRBasaltBoatLaunch,3.1,nr,nr,nr
6/5/2017,ONeillForeBayBoatLaunch,npt,npt,npt,npt
6/5/2017,PachecoPumpingPlant,npt,npt,npt,npt
6/5/2017,ONeillForeBayGianelliPP,,,,
6/5/2017,ONeillForeBayOutletCk13,,,,
6/12/2017,ONeillForeBayBoatLaunch,0,ND,ND,ND
6/12/2017,ONeillForeBayGianelliPP,0,ND,ND,ND
6/12/2017,SLRBasaltBoatLaunch,1.18,nr,nr,nr
6/12/2017,ONeillForeBayOutletCk13,npt,npt,npt,npt
6/12/2017,PachecoPumpingPlant,nr,nr,nr,nr
6/19/2017,SLRBasaltBoatLaunch,8.13,nr,nr,nr
6/19/2017,ONeillForeBayBoatLaunch,npt,npt,npt,npt
6/19/2017,PachecoPumpingPlant,npt,npt,npt,npt
6/19/2017,ONeillForeBayGianelliPP,,,,
6/19/2017,ONeillForeBayOutletCk13,,,,
6/26/2017,ONeillForeBayOutletCk13,0,ND,ND,ND
6/26/2017,SLRBasaltBoatLaunch,25.8,nr,nr,nr
6/26/2017,ONeillForeBayBoatLaunch,npt,npt,npt,npt
6/26/2017,ONeillForeBayGianelliPP,nr,nr,nr,nr
6/26/2017,PachecoPumpingPlant,nr,nr,nr,nr
7/5/2017,ONeillForeBayBoatLaunch,0,npt,npt,npt
7/5/2017,SLRBasaltBoatLaunch,30.5,nr,nr,nr
7/5/2017,PachecoPumpingPlant,npt,npt,npt,npt
7/5/2017,ONeillForeBayGianelliPP,,,,
7/5/2017,ONeillForeBayOutletCk13,,,,
7/10/2017,ONeillForeBayBoatLaunch,0,ND,ND,ND
7/10/2017,ONeillForeBayGianelliPP,0,ND,ND,ND
7/10/2017,ONeillForeBayOutletCk13,0,ND,ND,ND
7/10/2017,SLRBasaltBoatLaunch,32.4,ND,ND,ND
7/10/2017,PachecoPumpingPlant,,,,
7/17/2017,SLRBasaltBoatLaunch,47.2,nr,nr,nr
7/17/2017,PachecoPumpingPlant,npt,npt,npt,npt
7/17/2017,ONeillForeBayBoatLaunch,nr,nr,nr,nr
7/17/2017,ONeillForeBayGianelliPP,,,,
7/17/2017,ONeillForeBayOutletCk13,,,,
7/24/2017,ONeillForeBayBoatLaunch,0,ND,ND,ND
7/24/2017,SLRBasaltBoatLaunch,32,ND,ND,ND
7/24/2017,ONeillForeBayGianelliPP,npt,npt,npt,npt
7/24/2017,PachecoPumpingPlant,npt,npt,npt,npt
7/24/2017,ONeillForeBayOutletCk13,nr,nr,nr,nr
7/31/2017,SLRBasaltBoatLaunch,57.3,nr,nr,nr
7/31/2017,ONeillForeBayBoatLaunch,ND*,npt,npt,npt
7/31/2017,PachecoPumpingPlant,npt,npt,npt,npt
7/31/2017,ONeillForeBayGianelliPP,,,,
7/31/2017,ONeillForeBayOutletCk13,,,,
8/7/2017,ONeillForeBayBoatLaunch,0,nr,nr,nr
8/7/2017,ONeillForeBayOutletCk13,0,npt,npt,npt
8/7/2017,SLRBasaltBoatLaunch,25.9,nr,nr,nr
8/7/2017,ONeillForeBayGianelliPP,npt,npt,npt,npt
8/7/2017,PachecoPumpingPlant,,,,
8/14/2017,ONeillForeBayBoatLaunch,0,npt,npt,npt
8/14/2017,SLRBasaltBoatLaunch,28.1,nr,nr,nr
8/14/2017,PachecoPumpingPlant,npt,npt,npt,npt
8/14/2017,ONeillForeBayGianelliPP,,,,
8/14/2017,ONeillForeBayOutletCk13,,,,
8/22/2017,ONeillForeBayBoatLaunch,0,npt,npt,npt
8/22/2017,ONeillForeBayGianelliPP,0,ND,ND,ND
8/22/2017,SLRBasaltBoatLaunch,14.4,npt,npt,npt
8/22/2017,ONeillForeBayOutletCk13,npt,npt,npt,npt
8/22/2017,PachecoPumpingPlant,npt,npt,npt,npt
8/28/2017,ONeillForeBayBoatLaunch,0,npt,npt,npt
8/28/2017,SLRBasaltBoatLaunch,48,nr,nr,nr
8/28/2017,PachecoPumpingPlant,npt,npt,npt,npt
8/28/2017,ONeillForeBayGianelliPP,,,,
8/28/2017,ONeillForeBayOutletCk13,,,,
9/5/2017,SLRBasaltBoatLaunch,8.49,npt,npt,npt
9/5/2017,PachecoPumpingPlant,npt,npt,npt,npt
9/5/2017,ONeillForeBayBoatLaunch,,,,
9/5/2017,ONeillForeBayGianelliPP,,,,
9/5/2017,ONeillForeBayOutletCk13,,,,
9/12/2017,SLRBasaltBoatLaunch,11.1,npt,npt,npt
9/12/2017,ONeillForeBayGianelliPP,npt,npt,npt,npt
9/12/2017,ONeillForeBayOutletCk13,npt,npt,npt,npt
9/12/2017,PachecoPumpingPlant,npt,npt,npt,npt
9/12/2017,ONeillForeBayBoatLaunch,,,,
9/18/2017,SLRBasaltBoatLaunch,5.61,nr,nr,nr
9/18/2017,PachecoPumpingPlant,npt,npt,npt,npt
9/18/2017,ONeillForeBayBoatLaunch,,,,
9/18/2017,ONeillForeBayGianelliPP,,,,
9/18/2017,ONeillForeBayOutletCk13,,,,
9/25/2017,SLRBasaltBoatLaunch,18.1,nr,nr,nr
9/25/2017,ONeillForeBayGianelliPP,npt,nr,nr,nr
9/25/2017,ONeillForeBayOutletCk13,npt,npt,npt,npt
9/25/2017,PachecoPumpingPlant,npt,npt,npt,npt
9/25/2017,ONeillForeBayBoatLaunch,,,,
10/2/2017,PachecoPumpingPlant,0.31,npt,npt,npt
10/2/2017,SLRBasaltBoatLaunch,9.53,nr,nr,nr
10/2/2017,ONeillForeBayGianelliPP,npt,nr,nr,nr
10/2/2017,ONeillForeBayOutletCk13,npt,nr,nr,nr
10/2/2017,ONeillForeBayBoatLaunch,,,,
10/9/2017,SLRBasaltBoatLaunch,3.65,nr,nr,ND
10/9/2017,ONeillForeBayGianelliPP,npt,npt,npt,npt
10/9/2017,ONeillForeBayOutletCk13,npt,npt,npt,npt
10/9/2017,ONeillForeBayBoatLaunch,,,,
10/9/2017,PachecoPumpingPlant,,,,
10/16/2017,SLRBasaltBoatLaunch,12.5,nr,nr,nr
10/16/2017,ONeillForeBayBoatLaunch,,,,
10/16/2017,ONeillForeBayGianelliPP,,,,
10/16/2017,ONeillForeBayOutletCk13,,,,
10/16/2017,PachecoPumpingPlant,,,,
10/23/2017,SLRBasaltBoatLaunch,2.24,nr,nr,nr
10/23/2017,ONeillForeBayGianelliPP,npt,npt,npt,npt
10/23/2017,ONeillForeBayOutletCk13,npt,npt,npt,npt
10/23/2017,ONeillForeBayBoatLaunch,,,,
10/23/2017,PachecoPumpingPlant,,,,
10/30/2017,SLRBasaltBoatLaunch,1.23,npt,npt,npt
10/30/2017,ONeillForeBayBoatLaunch,,,,
10/30/2017,ONeillForeBayGianelliPP,,,,
10/30/2017,ONeillForeBayOutletCk13,,,,
10/30/2017,PachecoPumpingPlant,,,,
11/6/2017,SLRBasaltBoatLaunch,0.28,npt,npt,npt
11/6/2017,ONeillForeBayBoatLaunch,,,,
11/6/2017,ONeillForeBayGianelliPP,,,,
11/6/2017,ONeillForeBayOutletCk13,,,,
11/6/2017,PachecoPumpingPlant,,,,
11/13/2017,SLRBasaltBoatLaunch,0.22,npt,npt,npt
11/13/2017,ONeillForeBayBoatLaunch,,,,
11/13/2017,ONeillForeBayGianelliPP,,,,
11/13/2017,ONeillForeBayOutletCk13,,,,
11/13/2017,PachecoPumpingPlant,,,,
11/20/2017,SLRBasaltBoatLaunch,0.3,npt,npt,npt
11/20/2017,ONeillForeBayBoatLaunch,,,,
11/20/2017,ONeillForeBayGianelliPP,,,,
11/20/2017,ONeillForeBayOutletCk13,,,,
11/20/2017,PachecoPumpingPlant,,,,
11/27/2017,SLRBasaltBoatLaunch,0.21,npt,npt,npt
11/27/2017,ONeillForeBayBoatLaunch,,,,
11/27/2017,ONeillForeBayGianelliPP,,,,
11/27/2017,ONeillForeBayOutletCk13,,,,
11/27/2017,PachecoPumpingPlant,,,,
12/4/2017,SLRBasaltBoatLaunch,0.19,npt,npt,npt
12/4/2017,ONeillForeBayBoatLaunch,,,,
12/4/2017,ONeillForeBayGianelliPP,,,,
12/4/2017,ONeillForeBayOutletCk13,,,,
12/4/2017,PachecoPumpingPlant,,,,
12/12/2017,SLRBasaltBoatLaunch,ND*,npt,npt,npt
12/12/2017,ONeillForeBayBoatLaunch,,,,
12/12/2017,ONeillForeBayGianelliPP,,,,
12/12/2017,ONeillForeBayOutletCk13,,,,
12/12/2017,PachecoPumpingPlant,,,,
12/18/2017,SLRBasaltBoatLaunch,ND ,npt,npt,npt
12/18/2017,ONeillForeBayBoatLaunch,,,,
12/18/2017,ONeillForeBayGianelliPP,,,,
12/18/2017,ONeillForeBayOutletCk13,,,,
12/18/2017,PachecoPumpingPlant,,,,
6/25/2018,ONeillForeBayGianelliPP,0,npt,npt,npt
6/25/2018,ONeillForeBayBoatLaunch,0.34,nr,nr,nr
6/25/2018,SLRBasaltBoatLaunch,2.65,nr,nr,nr
6/25/2018,PachecoPumpingPlant,npt,npt,npt,npt
6/25/2018,ONeillForeBayOutletCk13,nr,nr,nr,nr
7/2/2018,ONeillForeBayBoatLaunch,,,,
7/2/2018,ONeillForeBayGianelliPP,,,,
7/2/2018,ONeillForeBayOutletCk13,,,,
7/2/2018,PachecoPumpingPlant,,,,
7/2/2018,SLRBasaltBoatLaunch,,,,
7/9/2018,ONeillForeBayBoatLaunch,0.33,nr,nr,nr
7/9/2018,SLRBasaltBoatLaunch,4.51,ND,ND,ND
7/9/2018,ONeillForeBayGianelliPP,,,,
7/9/2018,ONeillForeBayOutletCk13,,,,
7/9/2018,PachecoPumpingPlant,,,,
7/10/2018,ONeillForeBayOutletCk13,0.26,nr,nr,nr
7/10/2018,ONeillForeBayGianelliPP,npt,npt,npt,npt
7/10/2018,PachecoPumpingPlant,npt*,npt*,npt*,npt*
7/10/2018,ONeillForeBayBoatLaunch,,,,
7/10/2018,SLRBasaltBoatLaunch,,,,
7/16/2018,ONeillForeBayBoatLaunch,0.28,ND,ND,ND
7/16/2018,SLRBasaltBoatLaunch,6.65,nr,nr,nr
7/16/2018,ONeillForeBayGianelliPP,,,,
7/16/2018,ONeillForeBayOutletCk13,,,,
7/16/2018,PachecoPumpingPlant,,,,
7/23/2018,ONeillForeBayBoatLaunch,0,nr,nr,nr
7/23/2018,ONeillForeBayOutletCk13,0.16,nr,nr,nr
7/23/2018,SLRBasaltBoatLaunch,7.55,nr,nr,nr
7/23/2018,ONeillForeBayGianelliPP,npt,npt,npt,npt
7/23/2018,PachecoPumpingPlant,npt,npt,npt,npt
7/30/2018,ONeillForeBayBoatLaunch,0,nr,nr,nr
7/30/2018,SLRBasaltBoatLaunch,13.8,nr,nr,nr
7/30/2018,ONeillForeBayGianelliPP,npt,npt,npt,npt
7/30/2018,PachecoPumpingPlant,npt,npt,npt,npt
7/30/2018,ONeillForeBayOutletCk13,,,,
8/6/2018,ONeillForeBayGianelliPP,0,nr,nr,nr
8/6/2018,ONeillForeBayBoatLaunch,0.15,npt,npt,npt
8/6/2018,ONeillForeBayOutletCk13,0.26,nr,nr,nr
8/6/2018,SLRBasaltBoatLaunch,24.6,ND,ND,ND
8/6/2018,PachecoPumpingPlant,npt,npt,npt,npt
8/13/2018,ONeillForeBayBoatLaunch,0,npt,npt,npt
8/13/2018,SLRBasaltBoatLaunch,12.2,nr,nr,nr
8/13/2018,ONeillForeBayGianelliPP,npt,nr,nr,nr
8/13/2018,PachecoPumpingPlant,npt,npt,npt,npt
8/13/2018,ONeillForeBayOutletCk13,,,,
8/20/2018,ONeillForeBayBoatLaunch,0,npt,npt,npt
8/20/2018,ONeillForeBayOutletCk13,0,npt, npt,npt
8/20/2018,PachecoPumpingPlant,1.25,npt,npt,npt
8/20/2018,SLRBasaltBoatLaunch,15.7,nr,nr,nr
8/20/2018,ONeillForeBayGianelliPP,npt,nr,nr,nr
8/27/2018,ONeillForeBayBoatLaunch,0,npt,npt,npt
8/27/2018,ONeillForeBayGianelliPP,0,npt,npt,npt
8/27/2018,PachecoPumpingPlant,1.88,npt,npt,npt
8/27/2018,SLRBasaltBoatLaunch,5.64,nr,nr,nr
8/27/2018,ONeillForeBayOutletCk13,,,,
9/4/2018,ONeillForeBayGianelliPP,0,nr,nr,nr
9/4/2018,PachecoPumpingPlant,0.64,npt,npt,npt
9/4/2018,SLRBasaltBoatLaunch,3.35,nr,nr,nr
9/4/2018,ONeillForeBayBoatLaunch,,,,
9/4/2018,ONeillForeBayOutletCk13,,,,
9/10/2018,ONeillForeBayOutletCk13,0,npt,npt,npt
9/10/2018,PachecoPumpingPlant,0.41,npt,npt,npt
9/10/2018,SLRBasaltBoatLaunch,2.36,ND,ND,ND
9/10/2018,ONeillForeBayGianelliPP,npt,npt,npt,npt
9/10/2018,ONeillForeBayBoatLaunch,,,,
9/17/2018,PachecoPumpingPlant,0.24,npt,npt,npt
9/17/2018,SLRBasaltBoatLaunch,0.75,nr,nr,nr
9/17/2018,ONeillForeBayGianelliPP,npt,npt,npt,npt
9/17/2018,ONeillForeBayBoatLaunch,,,,
9/17/2018,ONeillForeBayOutletCk13,,,,
9/24/2018,PachecoPumpingPlant,0.23,npt,npt,npt
9/24/2018,SLRBasaltBoatLaunch,2.23,nr,nr,nr
9/24/2018,ONeillForeBayGianelliPP,npt,npt,npt,npt
9/24/2018,ONeillForeBayOutletCk13,npt,npt,npt,npt
9/24/2018,ONeillForeBayBoatLaunch,,,,
10/1/2018,PachecoPumpingPlant,0.24,npt,npt,npt
10/1/2018,SLRBasaltBoatLaunch,3.35,nr,nr,nr
10/1/2018,ONeillForeBayGianelliPP,npt,npt,npt,npt
10/1/2018,ONeillForeBayBoatLaunch,,,,
10/1/2018,ONeillForeBayOutletCk13,,,,
10/8/2018,PachecoPumpingPlant,0,npt,npt,npt
10/8/2018,SLRBasaltBoatLaunch,1.94,nr,nr,nr
10/8/2018,ONeillForeBayGianelliPP,npt,npt,npt,npt
10/8/2018,ONeillForeBayOutletCk13,npt,npt,npt,npt
10/8/2018,ONeillForeBayBoatLaunch,,,,
10/15/2018,SLRBasaltBoatLaunch,1.5,nr,nr,nr
10/15/2018,ONeillForeBayGianelliPP,npt,npt,npt,npt
10/15/2018,PachecoPumpingPlant,npt,npt,npt,npt
10/15/2018,ONeillForeBayBoatLaunch,,,,
10/15/2018,ONeillForeBayOutletCk13,,,,
10/22/2018,SLRBasaltBoatLaunch,1.21,nr,nr,nr
10/22/2018,ONeillForeBayGianelliPP,npt,npt,npt,npt
10/22/2018,ONeillForeBayOutletCk13,npt,npt,npt,npt
10/22/2018,PachecoPumpingPlant,npt,npt,npt,npt
10/22/2018,ONeillForeBayBoatLaunch,,,,
10/29/2018,SLRBasaltBoatLaunch,1.13,npt,npt,npt
10/29/2018,PachecoPumpingPlant,npt,npt,npt,npt
10/29/2018,ONeillForeBayBoatLaunch,,,,
10/29/2018,ONeillForeBayGianelliPP,,,,
10/29/2018,ONeillForeBayOutletCk13,,,,
11/5/2018,SLRBasaltBoatLaunch,0.37,npt,npt,npt
11/5/2018,PachecoPumpingPlant,npt,npt,npt,npt
11/5/2018,ONeillForeBayBoatLaunch,,,,
11/5/2018,ONeillForeBayGianelliPP,,,,
11/5/2018,ONeillForeBayOutletCk13,,,,
11/27/2018,SLRBasaltBoatLaunch,ND*,npt,npt,npt
11/27/2018,PachecoPumpingPlant,npt,npt,npt,npt
11/27/2018,ONeillForeBayBoatLaunch,,,,
11/27/2018,ONeillForeBayGianelliPP,,,,
11/27/2018,ONeillForeBayOutletCk13,,,,
12/3/2018,SLRBasaltBoatLaunch,ND ,npt,npt,npt
12/3/2018,PachecoPumpingPlant,npt,npt,npt,npt
12/3/2018,ONeillForeBayBoatLaunch,,,,
12/3/2018,ONeillForeBayGianelliPP,,,,
12/3/2018,ONeillForeBayOutletCk13,,,,
4/22/2019,ONeillForeBayGianelliPP,0,npt,npt,npt
4/22/2019,ONeillForeBayOutletCk13,0,npt,npt,npt
4/22/2019,PachecoPumpingPlant,0.15,npt,npt,npt
4/22/2019,ONeillForeBayBoatLaunch,,,,
4/22/2019,SLRBasaltBoatLaunch,,,,
4/29/2019,SLRBasaltBoatLaunch,0.62,ND,ND,ND
4/29/2019,ONeillForeBayBoatLaunch,,,,
4/29/2019,ONeillForeBayGianelliPP,,,,
4/29/2019,ONeillForeBayOutletCk13,,,,
4/29/2019,PachecoPumpingPlant,,,,
5/6/2019,SLRBasaltBoatLaunch,0.81,nr,nr,nr
5/6/2019,ONeillForeBayBoatLaunch,,,,
5/6/2019,ONeillForeBayGianelliPP,,,,
5/6/2019,ONeillForeBayOutletCk13,,,,
5/6/2019,PachecoPumpingPlant,,,,
5/13/2019,PachecoPumpingPlant,0.16,npt,npt,npt
5/13/2019,SLRBasaltBoatLaunch,1.31,nr,nr,nr
5/13/2019,ONeillForeBayBoatLaunch,,,,
5/13/2019,ONeillForeBayGianelliPP,,,,
5/13/2019,ONeillForeBayOutletCk13,,,,
5/20/2019,PachecoPumpingPlant,0.15,npt,npt,npt
5/20/2019,SLRBasaltBoatLaunch,2.52,nr,nr,nr
5/20/2019,ONeillForeBayBoatLaunch,npt,npt,npt,npt
5/20/2019,ONeillForeBayGianelliPP,npt,npt,npt,npt
5/20/2019,ONeillForeBayOutletCk13,npt,npt,npt,npt
5/29/2019,SLRBasaltBoatLaunch,1.93,nr,nr,nr
5/29/2019,ONeillForeBayBoatLaunch,npt,npt,npt,npt
5/29/2019,ONeillForeBayGianelliPP,,,,
5/29/2019,ONeillForeBayOutletCk13,,,,
5/29/2019,PachecoPumpingPlant,,,,
6/3/2019,PachecoPumpingPlant,0,npt,npt,npt
6/3/2019,SLRBasaltBoatLaunch,2.38,nr,nr,nr
6/3/2019,ONeillForeBayBoatLaunch,npt,npt,npt,npt
6/3/2019,ONeillForeBayGianelliPP,,,,
6/3/2019,ONeillForeBayOutletCk13,,,,
6/10/2019,ONeillForeBayBoatLaunch,0,npt,npt,npt
6/10/2019,ONeillForeBayGianelliPP,0,npt,npt,npt
6/10/2019,ONeillForeBayOutletCk13,0,npt,npt,npt
6/10/2019,PachecoPumpingPlant,0,npt,npt,npt
6/10/2019,SLRBasaltBoatLaunch,20.3,nr,nr,nr
6/17/2019,SLRBasaltBoatLaunch,6.38,nr,nr,nr
6/17/2019,PachecoPumpingPlant,npt,npt,npt,npt
6/17/2019,ONeillForeBayBoatLaunch,,,,
6/17/2019,ONeillForeBayGianelliPP,,,,
6/17/2019,ONeillForeBayOutletCk13,,,,
6/24/2019,SLRBasaltBoatLaunch,2.38,nr,nr,nr
6/24/2019,ONeillForeBayBoatLaunch,npt,npt,npt,npt
6/24/2019,ONeillForeBayGianelliPP,npt,npt,npt,npt
6/24/2019,ONeillForeBayOutletCk13,npt,npt,npt,npt
6/24/2019,PachecoPumpingPlant,npt,npt,npt,npt
7/1/2019,SLRBasaltBoatLaunch,7.7,nr,nr,nr
7/1/2019,ONeillForeBayBoatLaunch,npt,npt,npt,npt
7/1/2019,PachecoPumpingPlant,npt,npt,npt,npt
7/1/2019,ONeillForeBayGianelliPP,,,,
7/1/2019,ONeillForeBayOutletCk13,,,,
7/9/2019,ONeillForeBayBoatLaunch,0,npt,npt,npt
7/9/2019,SLRBasaltBoatLaunch,8.8,nr,nr,nr
7/9/2019,ONeillForeBayGianelliPP,npt,nr,nr,nr
7/9/2019,ONeillForeBayOutletCk13,npt,npt,npt,npt
7/9/2019,PachecoPumpingPlant,npt,npt,npt,npt
7/15/2019,ONeillForeBayBoatLaunch,0,npt,npt,npt
7/15/2019,SLRBasaltBoatLaunch,21.5,nr,nr,nr
7/15/2019,PachecoPumpingPlant,npt,npt,npt,npt
7/15/2019,ONeillForeBayGianelliPP,,,,
7/15/2019,ONeillForeBayOutletCk13,,,,
7/22/2019,ONeillForeBayBoatLaunch,0,npt,npt,npt
7/22/2019,PachecoPumpingPlant,0.52,npt,npt,npt
7/22/2019,SLRBasaltBoatLaunch,21.1,nr,nr,nr
7/22/2019,ONeillForeBayGianelliPP,npt,npt,npt,npt
7/22/2019,ONeillForeBayOutletCk13,npt,npt,npt,npt
7/29/2019,PachecoPumpingPlant,0,npt,npt,npt
7/29/2019,SLRBasaltBoatLaunch,20.1,nr,nr,nr
7/29/2019,ONeillForeBayBoatLaunch,npt,nr,nr,nr
7/29/2019,ONeillForeBayGianelliPP,,,,
7/29/2019,ONeillForeBayOutletCk13,,,,
8/5/2019,ONeillForeBayBoatLaunch,0,ND,ND,ND
8/5/2019,SLRBasaltBoatLaunch,100,ND,ND,ND
8/5/2019,PachecoPumpingPlant,npt,npt,npt,npt
8/5/2019,ONeillForeBayGianelliPP,,,,
8/5/2019,ONeillForeBayOutletCk13,,,,
8/12/2019,ONeillForeBayBoatLaunch,0,nr,nr,nr
8/12/2019,PachecoPumpingPlant,0.69,npt,npt,npt
8/12/2019,SLRBasaltBoatLaunch,40.8,nr,nr,nr
8/12/2019,ONeillForeBayGianelliPP,npt,npt,npt,npt
8/12/2019,ONeillForeBayOutletCk13,npt,npt,npt,npt
8/19/2019,ONeillForeBayBoatLaunch,0,nr,nr,nr
8/19/2019,PachecoPumpingPlant,0.91,npt,npt,npt
8/19/2019,SLRBasaltBoatLaunch,24.9,nr,nr,nr
8/19/2019,ONeillForeBayGianelliPP,,,,
8/19/2019,ONeillForeBayOutletCk13,,,,
8/27/2019,ONeillForeBayBoatLaunch,0,nr,nr,nr
8/27/2019,PachecoPumpingPlant,0.94,npt,npt,npt
8/27/2019,SLRBasaltBoatLaunch,39,nr,nr,nr
8/27/2019,ONeillForeBayGianelliPP,npt,npt,npt,npt
8/27/2019,ONeillForeBayOutletCk13,npt,npt,npt,npt
9/3/2019,ONeillForeBayBoatLaunch,0,npt,npt,npt
9/3/2019,PachecoPumpingPlant,0.45,npt,npt,npt
9/3/2019,SLRBasaltBoatLaunch,33.8,nr,nr,nr
9/3/2019,ONeillForeBayGianelliPP,,,,
9/3/2019,ONeillForeBayOutletCk13,,,,
9/9/2019,PachecoPumpingPlant,0.91,npt,npt,npt
9/9/2019,SLRBasaltBoatLaunch,31.7,nr,nr,nr
9/9/2019,ONeillForeBayGianelliPP,npt,nr,nr,nr
9/9/2019,ONeillForeBayOutletCk13,npt,npt,npt,npt
9/9/2019,ONeillForeBayBoatLaunch,,,,
9/16/2019,PachecoPumpingPlant,0.57,npt,npt,npt
9/16/2019,SLRBasaltBoatLaunch,51.2,nr,nr,nr
9/16/2019,ONeillForeBayBoatLaunch,,,,
9/16/2019,ONeillForeBayGianelliPP,,,,
9/16/2019,ONeillForeBayOutletCk13,,,,
9/23/2019,PachecoPumpingPlant,0.48,npt,npt,npt
9/23/2019,SLRBasaltBoatLaunch,77,nr,nr,nr
9/23/2019,ONeillForeBayGianelliPP,npt,nr,nr,nr
9/23/2019,ONeillForeBayOutletCk13,npt,npt,npt,npt
9/23/2019,ONeillForeBayBoatLaunch,,,,
9/30/2019,PachecoPumpingPlant,2.4,npt,npt,npt
9/30/2019,SLRBasaltBoatLaunch,10.9,npt,npt,npt
9/30/2019,ONeillForeBayBoatLaunch,,,,
9/30/2019,ONeillForeBayGianelliPP,,,,
9/30/2019,ONeillForeBayOutletCk13,,,,
10/7/2019,PachecoPumpingPlant,1.08,npt,npt,npt
10/7/2019,SLRBasaltBoatLaunch,27.1,nr,nr,nr
10/7/2019,ONeillForeBayOutletCk13,npt,npt,npt,npt
10/7/2019,ONeillForeBayGianelliPP,nr,npt,npt,nr
10/7/2019,ONeillForeBayBoatLaunch,,,,
10/14/2019,PachecoPumpingPlant,0.41,nr,nr,nr
10/14/2019,SLRBasaltBoatLaunch,1.21,nr,nr,nr
10/14/2019,ONeillForeBayBoatLaunch,,,,
10/14/2019,ONeillForeBayGianelliPP,,,,
10/14/2019,ONeillForeBayOutletCk13,,,,
10/21/2019,PachecoPumpingPlant,0.58,npt,npt,npt
10/21/2019,SLRBasaltBoatLaunch,0.99,npt,npt,npt
10/21/2019,ONeillForeBayOutletCk13,npt,nr,nr,nr
10/21/2019,ONeillForeBayGianelliPP,nr,nr,nr,nr
10/21/2019,ONeillForeBayBoatLaunch,,,,
10/29/2019,PachecoPumpingPlant,0.56,npt,npt,npt
10/29/2019,SLRBasaltBoatLaunch,0.9,nr,nr,nr
10/29/2019,ONeillForeBayBoatLaunch,,,,
10/29/2019,ONeillForeBayGianelliPP,,,,
10/29/2019,ONeillForeBayOutletCk13,,,,
11/4/2019,SLRBasaltBoatLaunch,0,nr,nr,nr
11/4/2019,PachecoPumpingPlant,0.4,npt,npt,npt
11/4/2019,ONeillForeBayBoatLaunch,,,,
11/4/2019,ONeillForeBayGianelliPP,,,,
11/4/2019,ONeillForeBayOutletCk13,,,,
11/12/2019,PachecoPumpingPlant,0,npt,npt,npt
11/12/2019,SLRBasaltBoatLaunch,ND*,npt,npt,npt
11/12/2019,ONeillForeBayBoatLaunch,,,,
11/12/2019,ONeillForeBayGianelliPP,,,,
11/12/2019,ONeillForeBayOutletCk13,,,,
11/18/2019,PachecoPumpingPlant,0.3,nr,nr,nr
11/18/2019,SLRBasaltBoatLaunch,npt,npt,npt,npt
11/18/2019,ONeillForeBayBoatLaunch,,,,
11/18/2019,ONeillForeBayGianelliPP,,,,
11/18/2019,ONeillForeBayOutletCk13,,,,
11/25/2019,PachecoPumpingPlant,0,nr,nr,nr
11/25/2019,SLRBasaltBoatLaunch,nr,nr,nr,nr
11/25/2019,ONeillForeBayBoatLaunch,,,,
11/25/2019,ONeillForeBayGianelliPP,,,,
11/25/2019,ONeillForeBayOutletCk13,,,,
12/3/2019,PachecoPumpingPlant,0.31,npt,npt,npt
12/3/2019,SLRBasaltBoatLaunch,0.49,nr,nr,nr
12/3/2019,ONeillForeBayBoatLaunch,,,,
12/3/2019,ONeillForeBayGianelliPP,,,,
12/3/2019,ONeillForeBayOutletCk13,,,,
12/9/2019,PachecoPumpingPlant,0,npt,npt,npt
12/9/2019,SLRBasaltBoatLaunch,0.31,nr,nr,nr
12/9/2019,ONeillForeBayBoatLaunch,,,,
12/9/2019,ONeillForeBayGianelliPP,,,,
12/9/2019,ONeillForeBayOutletCk13,,,,
12/16/2019,SLRBasaltBoatLaunch,0,nr,nr,nr
12/16/2019,PachecoPumpingPlant,ND*,npt,npt,npt
12/16/2019,ONeillForeBayBoatLaunch,,,,
12/16/2019,ONeillForeBayGianelliPP,,,,
12/16/2019,ONeillForeBayOutletCk13,,,,
12/23/2019,PachecoPumpingPlant,0,npt,npt,npt
12/23/2019,SLRBasaltBoatLaunch,0,npt,npt,npt
12/23/2019,ONeillForeBayBoatLaunch,,,,
12/23/2019,ONeillForeBayGianelliPP,,,,
12/23/2019,ONeillForeBayOutletCk13,,,,
4/20/2020,ONeillForeBayGianelliPP,0,npt,npt,npt
4/20/2020,ONeillForeBayOutletCk13,0,nr,npt,nr
4/20/2020,PachecoPumpingPlant,0,nr,nr,nr
4/20/2020,ONeillForeBayBoatLaunch,,,,
4/20/2020,SLRBasaltBoatLaunch,,,,
5/18/2020,SLRBasaltBoatLaunch,0.72,ND,ND,ND
5/18/2020,ONeillForeBayBoatLaunch,npt,npt,npt,npt
5/18/2020,ONeillForeBayOutletCk13,npt,nr,nr,nr
5/18/2020,PachecoPumpingPlant,npt,npt,npt,npt
5/18/2020,ONeillForeBayGianelliPP,nr,npt,npt,nr
5/26/2020,ONeillForeBayBoatLaunch,0,ND,ND,ND
5/26/2020,SLRBasaltBoatLaunch,11.9,ND,ND,ND
5/26/2020,ONeillForeBayGianelliPP,,,,
5/26/2020,ONeillForeBayOutletCk13,,,,
5/26/2020,PachecoPumpingPlant,,,,
6/1/2020,ONeillForeBayBoatLaunch,0,nr,nr,nr
6/1/2020,SLRBasaltBoatLaunch,2.5,nr,nr,nr
6/1/2020,ONeillForeBayGianelliPP,,,,
6/1/2020,ONeillForeBayOutletCk13,,,,
6/1/2020,PachecoPumpingPlant,,,,
6/8/2020,ONeillForeBayBoatLaunch,0,nr,nr,nr
6/8/2020,SLRBasaltBoatLaunch,3.8,nr,nr,nr
6/8/2020,PachecoPumpingPlant,ND*,nr,nr,nr
6/8/2020,ONeillForeBayGianelliPP,npt,npt,npt,npt
6/8/2020,ONeillForeBayOutletCk13,nr,nr,nr,nr
6/15/2020,ONeillForeBayBoatLaunch,0,npt,npt,npt
6/15/2020,PachecoPumpingPlant,0,npt,npt,npt
6/15/2020,SLRBasaltBoatLaunch,7.4,nr,nr,nr
6/15/2020,ONeillForeBayGianelliPP,,,,
6/15/2020,ONeillForeBayOutletCk13,,,,
6/22/2020,PachecoPumpingPlant,0.45,nr,nr,nr
6/22/2020,SLRBasaltBoatLaunch,2.2,nr,nr,nr
6/22/2020,ONeillForeBayGianelliPP,npt,npt,npt,npt
6/22/2020,ONeillForeBayBoatLaunch,nr,nr,nr,nr
6/22/2020,ONeillForeBayOutletCk13,nr,nr,nr,nr
6/29/2020,ONeillForeBayBoatLaunch,0,ND,ND,ND
6/29/2020,PachecoPumpingPlant,0.75,npt,npt,npt
6/29/2020,SLRBasaltBoatLaunch,1.8,nr,nr,nr
6/29/2020,ONeillForeBayGianelliPP,,,,
6/29/2020,ONeillForeBayOutletCk13,,,,
7/6/2020,PachecoPumpingPlant,0.52,npt,npt,npt
7/6/2020,ONeillForeBayBoatLaunch,1.15,nr,nr,nr
7/6/2020,ONeillForeBayOutletCk13,1.71,ND,ND,ND
7/6/2020,SLRBasaltBoatLaunch,1.96,nr,nr,nr
7/6/2020,ONeillForeBayGianelliPP,nr,nr,nr,nr
7/13/2020,PachecoPumpingPlant,0,npt,npt,npt
7/13/2020,ONeillForeBayBoatLaunch,0.4,nr,nr,nr
7/13/2020,SLRBasaltBoatLaunch,0.68,nr,nr,nr
7/13/2020,ONeillForeBayGianelliPP,,,,
7/13/2020,ONeillForeBayOutletCk13,,,,
7/20/2020,PachecoPumpingPlant,0,npt,npt,npt
7/20/2020,SLRBasaltBoatLaunch,0.34,nr,nr,nr
7/20/2020,ONeillForeBayBoatLaunch,2.32,nr,nr,nr
7/20/2020,ONeillForeBayOutletCk13,2.37,nr,nr,nr
7/20/2020,ONeillForeBayGianelliPP,2.46,ND,ND,ND
7/27/2020,PachecoPumpingPlant,0,nr,nr,nr
7/27/2020,SLRBasaltBoatLaunch,0,nr,nr,nr
7/27/2020,ONeillForeBayGianelliPP,0.31,npt,npt,npt
7/27/2020,ONeillForeBayOutletCk13,3,nr,nr,nr
7/27/2020,ONeillForeBayBoatLaunch,3.35,nr,nr,nr
8/3/2020,ONeillForeBayGianelliPP,0,npt,npt,npt
8/3/2020,PachecoPumpingPlant,0,npt,npt,npt
8/3/2020,SLRBasaltBoatLaunch,0,nr,nr,nr
8/3/2020,ONeillForeBayOutletCk13,2.98,nr,nr,nr
8/3/2020,ONeillForeBayBoatLaunch,3.25,nr,nr,nr
8/10/2020,SLRBasaltBoatLaunch,0,nr,nr,nr
8/10/2020,ONeillForeBayOutletCk13,0.9,nr,nr,nr
8/10/2020,ONeillForeBayGianelliPP,0.96,nr,nr,nr
8/10/2020,ONeillForeBayBoatLaunch,2.82,nr,nr,nr
8/10/2020,PachecoPumpingPlant,nr,nr,nr,nr
8/17/2020,SLRBasaltBoatLaunch,0,nr,nr,nr
8/17/2020,ONeillForeBayGianelliPP,0.94,nr,nr,nr
8/17/2020,ONeillForeBayOutletCk13,1.58,nr,nr,nr
8/17/2020,ONeillForeBayBoatLaunch,1.87,nr,nr,nr
8/17/2020,PachecoPumpingPlant,nr,npt,npt,npt
8/24/2020,SLRBasaltBoatLaunch,0,nr,nr,nr
8/24/2020,ONeillForeBayOutletCk13,2.58,nr,nr,nr
8/24/2020,ONeillForeBayGianelliPP,2.98,nr,nr,nr
8/24/2020,ONeillForeBayBoatLaunch,7.96,nr,nr,nr
8/24/2020,PachecoPumpingPlant,nr,npt,npt,npt
8/31/2020,PachecoPumpingPlant,0,nr,nr,nr
8/31/2020,SLRBasaltBoatLaunch,0.58,nr,nr,nr
8/31/2020,ONeillForeBayGianelliPP,3.63,nr,nr,nr
8/31/2020,ONeillForeBayOutletCk13,3.95,nr,nr,nr
8/31/2020,ONeillForeBayBoatLaunch,5.58,nr,nr,nr
9/8/2020,PachecoPumpingPlant,0,npt,npt,npt
9/8/2020,SLRBasaltBoatLaunch,0.34,nr,nr,nr
9/8/2020,ONeillForeBayOutletCk13,1.75,npt,npt,npt
9/8/2020,ONeillForeBayGianelliPP,8.75,npt,npt,npt
9/8/2020,ONeillForeBayBoatLaunch,17.1,nr,nr,nr
9/14/2020,PachecoPumpingPlant,0,npt,npt,npt
9/14/2020,SLRBasaltBoatLaunch,0.79,nr,nr,nr
9/14/2020,ONeillForeBayOutletCk13,1.02,nr,nr,nr
9/14/2020,ONeillForeBayBoatLaunch,1.09,npt,npt,npt
9/14/2020,ONeillForeBayGianelliPP,1.11,nr,nr,nr
9/21/2020,PachecoPumpingPlant,0,npt,npt,npt
9/21/2020,ONeillForeBayBoatLaunch,0.5,nr,nr,nr
9/21/2020,ONeillForeBayGianelliPP,0.62,npt,npt,npt
9/21/2020,ONeillForeBayOutletCk13,0.96,nr,nr,nr
9/21/2020,SLRBasaltBoatLaunch,2.15,ND,ND,ND
9/28/2020,ONeillForeBayGianelliPP,0.51,npt,npt,npt
9/28/2020,ONeillForeBayOutletCk13,0.54,nr,nr,nr
9/28/2020,SLRBasaltBoatLaunch,2,nr,nr,nr
9/28/2020,ONeillForeBayBoatLaunch,2.06,npt,npt,npt
9/28/2020,PachecoPumpingPlant,nr,nr,nr,nr
10/5/2020,ONeillForeBayOutletCk13,0.37,npt,npt,npt
10/5/2020,ONeillForeBayGianelliPP,0.43,npt,npt,npt
10/5/2020,ONeillForeBayBoatLaunch,0.51,nr,nr,nr
10/5/2020,SLRBasaltBoatLaunch,2.94,nr,nr,nr
10/5/2020,PachecoPumpingPlant,nr,nr,nr,nr
10/12/2020,ONeillForeBayGianelliPP,0,npt,npt,npt
10/12/2020,PachecoPumpingPlant,0,nr,nr,nr
10/12/2020,ONeillForeBayOutletCk13,0.31,nr,nr,nr
10/12/2020,ONeillForeBayBoatLaunch,0.36,npt,npt,npt
10/12/2020,SLRBasaltBoatLaunch,0.64,nr,nr,nr
10/19/2020,ONeillForeBayGianelliPP,0,npt,npt,npt
10/19/2020,ONeillForeBayOutletCk13,0.47,nr,nr,nr
10/19/2020,ONeillForeBayBoatLaunch,0.76,nr,nr,nr
10/19/2020,SLRBasaltBoatLaunch,2.33,nr,nr,nr
10/19/2020,PachecoPumpingPlant,nr,nr,nr,nr
10/26/2020,ONeillForeBayGianelliPP,0,npt,npt,npt
10/26/2020,SLRBasaltBoatLaunch,0,nr,nr,nr
10/26/2020,ONeillForeBayOutletCk13,0.39,nr,nr,nr
10/26/2020,ONeillForeBayBoatLaunch,0.41,nr,nr,nr
10/26/2020,PachecoPumpingPlant,0.45,nr,nr,nr
11/2/2020,ONeillForeBayGianelliPP,0,npt,npt,npt
11/2/2020,PachecoPumpingPlant,0,nr,nr,nr
11/2/2020,SLRBasaltBoatLaunch,0,npt,npt,npt
11/2/2020,ONeillForeBayOutletCk13,0.49,nr,nr,nr
11/2/2020,ONeillForeBayBoatLaunch,1.49,nr,nr,nr
11/9/2020,PachecoPumpingPlant,0,nr,nr,nr
11/9/2020,SLRBasaltBoatLaunch,0,npt,npt,npt
11/9/2020,ONeillForeBayGianelliPP,0.3,npt,npt,npt
11/9/2020,ONeillForeBayOutletCk13,0.31,nr,nr,nr
11/9/2020,ONeillForeBayBoatLaunch,0.61,nr,nr,nr
11/16/2020,ONeillForeBayGianelliPP,0,nr,nr,nr
11/16/2020,ONeillForeBayOutletCk13,0,nr,nr,nr
11/16/2020,ONeillForeBayBoatLaunch,0.95,nr,nr,nr
11/16/2020,PachecoPumpingPlant,,,,
11/16/2020,SLRBasaltBoatLaunch,,,,
11/23/2020,ONeillForeBayBoatLaunch,0,nr,nr,nr
11/23/2020,ONeillForeBayGianelliPP,0,nr,nr,nr
11/23/2020,ONeillForeBayOutletCk13,0,nr,nr,nr
11/23/2020,PachecoPumpingPlant,,,,
11/23/2020,SLRBasaltBoatLaunch,,,,
11/30/2020,ONeillForeBayBoatLaunch,0,nr,nr,nr
11/30/2020,ONeillForeBayGianelliPP,npt,nr,nr,nr
11/30/2020,ONeillForeBayOutletCk13,npt,npt,npt,npt
11/30/2020,PachecoPumpingPlant,,,,
11/30/2020,SLRBasaltBoatLaunch,,,,
4/26/2021,ONeillForeBayGianelliPP,0,ND,ND,ND
4/26/2021,ONeillForeBayOutletCk13,0,npt,npt,npt
4/26/2021,PachecoPumpingPlant,0,ND,ND,ND
4/26/2021,ONeillForeBayBoatLaunch,,,,
4/26/2021,SLRBasaltBoatLaunch,,,,
5/10/2021,PachecoPumpingPlant,0,npt,npt,npt
5/10/2021,ONeillForeBayBoatLaunch,,,,
5/10/2021,ONeillForeBayGianelliPP,,,,
5/10/2021,ONeillForeBayOutletCk13,,,,
5/10/2021,SLRBasaltBoatLaunch,,,,
5/24/2021,ONeillForeBayBoatLaunch,0,ND,ND,ND
5/24/2021,PachecoPumpingPlant,0,nr,nr,nr
5/24/2021,ONeillForeBayGianelliPP,npt,npt,npt,npt
5/24/2021,ONeillForeBayOutletCk13,npt,npt,npt,npt
5/24/2021,SLRBasaltBoatLaunch,nr,nr,nr,nr
6/1/2021,SLRBasaltBoatLaunch,0,nr,nr,nr
6/1/2021,ONeillForeBayBoatLaunch,npt,ND,ND,ND
6/1/2021,ONeillForeBayGianelliPP,,,,
6/1/2021,ONeillForeBayOutletCk13,,,,
6/1/2021,PachecoPumpingPlant,,,,
6/7/2021,ONeillForeBayBoatLaunch,0,nr,nr,nr
6/7/2021,PachecoPumpingPlant,0,npt,npt,npt
6/7/2021,SLRBasaltBoatLaunch,0,nr,nr,nr
6/7/2021,ONeillForeBayGianelliPP,npt,npt,npt,npt
6/7/2021,ONeillForeBayOutletCk13,npt,nr,nr,nr
6/14/2021,ONeillForeBayBoatLaunch,0,ND,ND,ND
6/14/2021,SLRBasaltBoatLaunch,0,nr,nr,nr
6/14/2021,ONeillForeBayGianelliPP,,,,
6/14/2021,ONeillForeBayOutletCk13,,,,
6/14/2021,PachecoPumpingPlant,,,,
6/21/2021,PachecoPumpingPlant,0,npt,npt,npt
6/21/2021,SLRBasaltBoatLaunch,0.32,ND,ND,ND
6/21/2021,ONeillForeBayGianelliPP,npt,npt,npt,npt
6/21/2021,ONeillForeBayBoatLaunch,nr,nr,nr,nr
6/21/2021,ONeillForeBayOutletCk13,nr,nr,nr,nr
6/28/2021,ONeillForeBayBoatLaunch,0,nr,nr,nr
6/28/2021,SLRBasaltBoatLaunch,0.4,nr,nr,nr
6/28/2021,ONeillForeBayGianelliPP,,,,
6/28/2021,ONeillForeBayOutletCk13,,,,
6/28/2021,PachecoPumpingPlant,,,,
7/6/2021,ONeillForeBayBoatLaunch,0.55,nr,nr,nr
7/6/2021,PachecoPumpingPlant,0.83,ND,ND,ND
7/6/2021,SLRBasaltBoatLaunch,2.53,nr,nr,nr
7/6/2021,ONeillForeBayGianelliPP,,,,
7/6/2021,ONeillForeBayOutletCk13,,,,
7/12/2021,ONeillForeBayGianelliPP,0,npt,npt,npt
7/12/2021,PachecoPumpingPlant,0,nr,nr,nr
7/12/2021,ONeillForeBayBoatLaunch,0.4,nr,nr,nr
7/12/2021,SLRBasaltBoatLaunch,2.1,npt,npt,npt
7/12/2021,ONeillForeBayOutletCk13,ND*,npt,npt,npt
7/21/2021,ONeillForeBayGianelliPP,0,npt,npt,npt
7/21/2021,ONeillForeBayOutletCk13,0,nr,nr,nr
7/21/2021,PachecoPumpingPlant,0,nr,nr,nr
7/21/2021,ONeillForeBayBoatLaunch,0.31,nr,nr,nr
7/21/2021,SLRBasaltBoatLaunch,4.9,nr,nr,nr
7/26/2021,ONeillForeBayOutletCk13,0,nr,nr,nr
7/26/2021,ONeillForeBayBoatLaunch,0.33,nr,nr,nr
7/26/2021,PachecoPumpingPlant,0.47,nr,nr,nr
7/26/2021,ONeillForeBayGianelliPP,0.93,npt,npt,npt
7/26/2021,SLRBasaltBoatLaunch,3.45,nr,nr,nr
8/2/2021,PachecoPumpingPlant,0.95,nr,nr,nr
8/2/2021,ONeillForeBayGianelliPP,1.32,nr,nr,nr
8/2/2021,ONeillForeBayOutletCk13,1.43,nr,nr,nr
8/2/2021,ONeillForeBayBoatLaunch,2.13,nr,nr,nr
8/2/2021,SLRBasaltBoatLaunch,2.75,nr,nr,nr
8/9/2021,PachecoPumpingPlant,1.78,nr,nr,nr
8/9/2021,ONeillForeBayOutletCk13,1.97,nr,nr,nr
8/9/2021,ONeillForeBayGianelliPP,3.97,npt,npt,npt
8/9/2021,ONeillForeBayBoatLaunch,4.04,nr,nr,nr
8/9/2021,SLRBasaltBoatLaunch,13.8,nr,nr,nr
8/16/2021,ONeillForeBayOutletCk13,0.98,nr,nr,nr
8/16/2021,PachecoPumpingPlant,1.54,nr,nr,nr
8/16/2021,ONeillForeBayBoatLaunch,1.7,nr,nr,nr
8/16/2021,SLRBasaltBoatLaunch,2.48,nr,nr,nr
8/16/2021,ONeillForeBayGianelliPP,ND*,npt,npt,npt
8/23/2021,ONeillForeBayBoatLaunch,1.47,npt,npt,npt
8/23/2021,PachecoPumpingPlant,3.64,nr,nr,nr
8/23/2021,ONeillForeBayOutletCk13,3.86,nr,nr,nr
8/23/2021,ONeillForeBayGianelliPP,4.76,nr,nr,nr
8/23/2021,SLRBasaltBoatLaunch,8.6,nr,nr,nr
8/30/2021,ONeillForeBayOutletCk13,0.83,nr,nr,nr
8/30/2021,ONeillForeBayBoatLaunch,1.86,nr,nr,nr
8/30/2021,ONeillForeBayGianelliPP,2.15,npt,npt,npt
8/30/2021,PachecoPumpingPlant,9,nr,nr,nr
8/30/2021,SLRBasaltBoatLaunch,32,0.05,ND,ND
9/7/2021,ONeillForeBayOutletCk13,1.74,nr,nr,nr
9/7/2021,ONeillForeBayGianelliPP,2.01,npt,npt,npt
9/7/2021,ONeillForeBayBoatLaunch,3.43,nr,nr,nr
9/7/2021,PachecoPumpingPlant,7.2,nr,nr,nr
9/7/2021,SLRBasaltBoatLaunch,43,ND,ND,ND
9/13/2021,ONeillForeBayBoatLaunch,2.52,nr,nr,nr
9/13/2021,ONeillForeBayGianelliPP,4.93,nr,nr,nr
9/13/2021,PachecoPumpingPlant,5.83,nr,nr,nr
9/13/2021,ONeillForeBayOutletCk13,5.85,nr,nr,nr
9/13/2021,SLRBasaltBoatLaunch,6.6,nr,nr,nr
9/20/2021,PachecoPumpingPlant,2.88,nr,nr,nr
9/20/2021,ONeillForeBayBoatLaunch,3.44,nr,nr,nr
9/20/2021,ONeillForeBayGianelliPP,3.93,nr,nr,nr
9/20/2021,ONeillForeBayOutletCk13,4.38,nr,nr,nr
9/20/2021,SLRBasaltBoatLaunch,17.7,nr,nr,nr
9/27/2021,ONeillForeBayGianelliPP,0.95,nr,nr,nr
9/27/2021,ONeillForeBayOutletCk13,1.15,nr,nr,nr
9/27/2021,PachecoPumpingPlant,1.36,nr,nr,nr
9/27/2021,SLRBasaltBoatLaunch,1.46,nr,nr,nr
9/27/2021,ONeillForeBayBoatLaunch,1.83,nr,nr,nr
10/4/2021,ONeillForeBayGianelliPP,0,nr,nr,nr
10/4/2021,ONeillForeBayBoatLaunch,0.45,nr,nr,nr
10/4/2021,PachecoPumpingPlant,1.56,nr,nr,nr
10/4/2021,ONeillForeBayOutletCk13,2.13,nr,nr,nr
10/4/2021,SLRBasaltBoatLaunch,12.7,nr,nr,nr
10/11/2021,SLRBasaltBoatLaunch,1.86,npt,npt,npt
10/11/2021,ONeillForeBayBoatLaunch,2.12,npt,npt,npt
10/11/2021,PachecoPumpingPlant,2.12,nr,nr,nr
10/11/2021,ONeillForeBayOutletCk13,2.33,nr,nr,nr
10/11/2021,ONeillForeBayGianelliPP,3.73,npt,npt,npt
10/18/2021,ONeillForeBayBoatLaunch,0.78,nr,nr,nr
10/18/2021,ONeillForeBayOutletCk13,1.09,nr,nr,nr
10/18/2021,ONeillForeBayGianelliPP,1.13,npt,npt,npt
10/18/2021,PachecoPumpingPlant,2.1,nr,nr,nr
10/18/2021,SLRBasaltBoatLaunch,2.5,nr,nr,nr
10/25/2021,ONeillForeBayOutletCk13,0.76,npt,npt,npt
10/25/2021,ONeillForeBayBoatLaunch,0.98,nr,nr,nr
10/25/2021,ONeillForeBayGianelliPP,1.53,nr,nr,nr
10/25/2021,PachecoPumpingPlant,1.8,npt,npt,npt
10/25/2021,SLRBasaltBoatLaunch,2.8,npt,npt,npt
11/1/2021,ONeillForeBayBoatLaunch,0,npt,npt,npt
11/1/2021,ONeillForeBayGianelliPP,0,npt,npt,npt
11/1/2021,ONeillForeBayOutletCk13,0.32,npt,npt,npt
11/1/2021,SLRBasaltBoatLaunch,0.53,nr,nr,nr
11/1/2021,PachecoPumpingPlant,0.96,nr,nr,nr
11/8/2021,ONeillForeBayBoatLaunch,0,npt,npt,npt
11/8/2021,ONeillForeBayGianelliPP,0,npt,npt,npt
11/8/2021,ONeillForeBayOutletCk13,0,npt,npt,npt
11/8/2021,SLRBasaltBoatLaunch,1.69,nr,nr,nr
11/8/2021,PachecoPumpingPlant,3.4,nr,nr,nr
11/15/2021,ONeillForeBayOutletCk13,0,npt,npt,npt
11/15/2021,SLRBasaltBoatLaunch,0.53,npt,npt,npt
11/15/2021,PachecoPumpingPlant,0.71,nr,nr,nr
11/15/2021,ONeillForeBayBoatLaunch,npt,npt,npt,npt
11/15/2021,ONeillForeBayGianelliPP,npt,npt,npt,npt
11/29/2021,SLRBasaltBoatLaunch,0,,,
11/29/2021,PachecoPumpingPlant,0.32,,,
11/29/2021,ONeillForeBayBoatLaunch,,,,
11/29/2021,ONeillForeBayGianelliPP,,,,
11/29/2021,ONeillForeBayOutletCk13,,,,
12/6/2021,SLRBasaltBoatLaunch,1.22,,,
12/6/2021,PachecoPumpingPlant,1.24,,,
12/13/2021,PachecoPumpingPlant,0,,,
12/13/2021,SLRBasaltBoatLaunch,0,,,
12/20/2021,PachecoPumpingPlant,0,,,
12/20/2021,SLRBasaltBoatLaunch,0,,,
3/28/2022,PachecoPumpingPlant,0,,,
3/28/2022,SLRBasaltBoatLaunch,0,,,
5/23/2022,ONeillForeBayBoatLaunch,0,ND,ND,ND
5/23/2022,ONeillForeBayGianelliPP,0,ND,ND,ND
5/23/2022,ONeillForeBayOutletCk13,0,ND,ND,ND
5/23/2022,PachecoPumpingPlant,0,ND,ND,ND
5/23/2022,SLRBasaltBoatLaunch,7.45,ND,ND,ND
5/31/2022,ONeillForeBayBoatLaunch,0,,,
5/31/2022,SLRBasaltBoatLaunch,1.29,,,
6/6/2022,SLRDinosaurPoint,0.36,nr,nr,nr
6/13/2022,SLRDinosaurPoint,0.42,,,
6/20/2022,ONeillForeBayBoatLaunch,0,,,
6/20/2022,PachecoPumpingPlant,0.3,,,
6/20/2022,SLRDinosaurPoint,0.51,,,
6/27/2022,PachecoPumpingPlant,0.82,,,
6/27/2022,SLRDinosaurPoint,28,,,
7/5/2022,ONeillForeBayBoatLaunch,0,,,
7/5/2022,PachecoPumpingPlant,1.42,,,
7/5/2022,SLRDinosaurPoint,2.19,,,
7/11/2022,ONeillForeBayOutletCk13,0,,,
7/11/2022,ONeillForeBayGianelliPP,0.31,,,
7/11/2022,PachecoPumpingPlant,1.5,,,
7/11/2022,SLRDinosaurPoint,5.58,,,
7/18/2022,SLRDinosaurPoint,0.58,,,
7/18/2022,PachecoPumpingPlant,3.52,,,
7/25/2022,ONeillForeBayBoatLaunch,0,,,
7/25/2022,ONeillForeBayOutletCk13,0.36,,,
7/25/2022,SLRDinosaurPoint,2.16,,,
7/25/2022,PachecoPumpingPlant,2.19,,,
8/1/2022,ONeillForeBayBoatLaunch,0.58,,,
8/1/2022,SLRDinosaurPoint,2.58,,,
8/1/2022,PachecoPumpingPlant,3.03,,,
8/8/2022,ONeillForeBayBoatLaunch,1.3,,,
8/8/2022,PachecoPumpingPlant,2.19,,,
8/8/2022,SLRDinosaurPoint,2.87,,,
8/8/2022,ONeillForeBayBoatLaunch,3.98,,,
8/15/2022,ONeillForeBayGianelliPP,0.66,,,
8/15/2022,ONeillForeBayOutletCk13,0.75,,,
8/15/2022,ONeillForeBayBoatLaunch,1.59,,,
8/15/2022,PachecoPumpingPlant,3.13,,,
8/15/2022,SLRDinosaurPoint,9.99,,,
8/22/2022,ONeillForeBayGianelliPP,0.48,,,
8/22/2022,ONeillForeBayOutletCk13,2.11,,,
8/22/2022,ONeillForeBayBoatLaunch,2.27,,,
8/22/2022,PachecoPumpingPlant,4.4,,,
8/22/2022,SLRDinosaurPoint,7.1,,,
8/29/2022,ONeillForeBayBoatLaunch,0.75,,,
8/29/2022,ONeillForeBayOutletCk13,1.99,,,
8/29/2022,SLRDinosaurPoint,3.63,,,
8/29/2022,ONeillForeBayGianelliPP,3.74,,,
8/29/2022,PachecoPumpingPlant,5.1,,,
9/6/2022,ONeillForeBayOutletCk13,0,,,
9/6/2022,ONeillForeBayGianelliPP,0.49,,,
9/6/2022,PachecoPumpingPlant,0.56,,,
9/6/2022,ONeillForeBayBoatLaunch,0.97,,,
9/6/2022,SLRDinosaurPoint,82.5,,,
9/12/2022,ONeillForeBayBoatLaunch,0,,,
9/12/2022,ONeillForeBayGianelliPP,0.35,,,
9/12/2022,PachecoPumpingPlant,0.43,,,
9/12/2022,ONeillForeBayOutletCk13,1.43,,,
9/12/2022,SLRDinosaurPoint,8.21,,,
9/19/2022,ONeillForeBayOutletCk13,0.24,,,
9/19/2022,ONeillForeBayGianelliPP,0.51,,,
9/19/2022,ONeillForeBayBoatLaunch,0.6,,,
9/19/2022,PachecoPumpingPlant,2.12,,,
9/19/2022,SLRDinosaurPoint,2.35,,,
9/26/2022,ONeillForeBayBoatLaunch,0,,,
9/26/2022,ONeillForeBayGianelliPP,0,,,
9/26/2022,ONeillForeBayOutletCk13,0,,,
9/26/2022,PachecoPumpingPlant,1.25,,,
9/26/2022,SLRDinosaurPoint,7.05,,,
10/3/2022,ONeillForeBayGianelliPP,0.62,nr,nr,nr
10/3/2022,PachecoPumpingPlant,1.34,nr,nr,nr
10/3/2022,SLRDinosaurPoint,2.77,nr,nr,nr
10/3/2022,ONeillForeBayOutletCk13,ND*,nr,nr,nr
10/3/2022,ONeillForeBayBoatLaunch,ND*,nr,nr,nr
10/10/2022,ONeillForeBayBoatLaunch,0.31,nr,nr,nr
10/10/2022,PachecoPumpingPlant,0.64,nr,nr,nr
10/10/2022,SLRDinosaurPoint,4.19,nr,nr,nr
10/10/2022,ONeillForeBayGianelliPP,ND*,nr,nr,nr
10/10/2022,ONeillForeBayOutletCk13,ND*,nr,nr,nr
10/17/2022,ONeillForeBayGianelliPP,0.49,nr,nr,nr
10/17/2022,ONeillForeBayOutletCk13,1.82,nr,nr,nr
10/17/2022,PachecoPumpingPlant,1.86,nr,nr,nr
10/17/2022,SLRDinosaurPoint,5.2,nr,nr,nr
10/17/2022,ONeillForeBayBoatLaunch,ND*,nr,nr,nr
10/24/2022,ONeillForeBayGianelliPP,0.49,nr,nr,nr
10/24/2022,SLRDinosaurPoint,1.28,nr,nr,nr
10/24/2022,PachecoPumpingPlant,1.36,nr,nr,nr
10/24/2022,ONeillForeBayOutletCk13,1.82,nr,nr,nr
10/24/2022,ONeillForeBayBoatLaunch,ND*,nr,nr,nr
10/31/2022,SLRDinosaurPoint,0.36,nr,nr,nr
10/31/2022,ONeillForeBayOutletCk13,0.38,nr,nr,nr
10/31/2022,ONeillForeBayGianelliPP,0.47,nr,nr,nr
10/31/2022,PachecoPumpingPlant,ND*,nr,nr,nr
10/31/2022,ONeillForeBayBoatLaunch,ND*,nr,nr,nr
11/7/2022,ONeillForeBayBoatLaunch,0.39,nr,nr,nr
11/7/2022,SLRDinosaurPoint,0.43,npt,npt,npt
11/7/2022,ONeillForeBayOutletCk13,1.19,nr,nr,nr
11/7/2022,ONeillForeBayGianelliPP,ND*,nr,nr,nr
11/14/2022,ONeillForeBayOutletCk13,0.33,nr,nr,nr
11/14/2022,SLRDinosaurPoint,0.6,nr,nr,nr
11/14/2022,ONeillForeBayGianelliPP,ND*,nr,nr,nr
11/14/2022,ONeillForeBayBoatLaunch,ND*,npt,npt,npt
11/21/2022,ONeillForeBayGianelliPP,0.3,nr,nr,nr
11/21/2022,ONeillForeBayOutletCk13,0.4,nr,nr,nr
11/21/2022,SLRDinosaurPoint,1.02,nr,nr,nr
11/21/2022,ONeillForeBayBoatLaunch,ND*,nr,nr,nr
11/28/2022,SLRDinosaurPoint,2.97,nr,nr,nr
11/28/2022,ONeillForeBayOutletCk13,ND*,nr,nr,nr
11/28/2022,ONeillForeBayGianelliPP,ND*,nr,nr,nr
11/28/2022,ONeillForeBayBoatLaunch,ND*,nr,nr,nr
12/5/2022,SLRDinosaurPoint,0.32,nr,nr,nr
12/5/2022,ONeillForeBayOutletCk13,ND*,nr,nr,nr
12/5/2022,ONeillForeBayGianelliPP,ND*,nr,nr,nr
12/5/2022,ONeillForeBayBoatLaunch,ND*,nr,nr,nr
12/12/2022,SLRDinosaurPoint,0.35,nr,nr,nr
12/12/2022,ONeillForeBayOutletCk13,ND*,nr,nr,nr
12/12/2022,ONeillForeBayGianelliPP,ND*,nr,nr,nr
12/12/2022,ONeillForeBayBoatLaunch,ND*,nr,nr,nr
